Country/area,Technology/source,Year,Value_TWh
Austria,Biogas,2020,0.0015287354338484275
Austria,Biogas,2021,0.0014955079641288717
Austria,Charcoal,2020,0.000216957174976848
Austria,Charcoal,2021,0.00022013083686593998
Austria,Electricity,2020,0.03963494063711937
Austria,Electricity,2021,0.04160394663024308
Austria,Geothermal,2020,0.0004155888294503524
Austria,Geothermal,2021,0.00039959144915112615
Austria,GrandTotal,2020,0.1875022942456438
Austria,GrandTotal,2021,0.19885559404363887
Austria,Heat,2020,0.008655129895867184
Austria,Heat,2021,0.009423887155447619
Austria,Hydropower,2020,0.03469421030132088
Austria,Hydropower,2021,0.03336350566153671
Austria,Liquid Biofuels,2020,0.008395832936427422
Austria,Liquid Biofuels,2021,0.00937599276803921
Austria,Other RE,2020,0.007668463974815465
Austria,Other RE,2021,0.008282305663448578
Austria,Pellets,2020,0.006095826549142361
Austria,Pellets,2021,0.0074398559050229875
Austria,RenWaste,2020,0.002349108002537819
Austria,RenWaste,2021,0.002651384723398057
Austria,Solar PV,2020,0.0016876501543932594
Austria,Solar PV,2021,0.002395720549124368
Austria,Solar Thermal,2020,0.003507538080560077
Austria,Solar Thermal,2021,0.0033987692248340523
Austria,Solid Biofuels,2020,0.06704188793380109
Austria,Solid Biofuels,2021,0.0730020610269077
Austria,Wind,2020,0.005610424347502492
Austria,Wind,2021,0.0058029344908994305
Belgium,Biogas,2020,0.0032036442048835427
Belgium,Biogas,2021,0.0031687707541912615
Belgium,Charcoal,2020,0.00036465861224556
Belgium,Charcoal,2021,0.0005804491018889999
Belgium,Electricity,2020,0.01722014222413139
Belgium,Electricity,2021,0.014841712025877711
Belgium,Geothermal,2020,2.0521764004777766e-05
Belgium,Geothermal,2021,2.3431149779700212e-05
Belgium,GrandTotal,2020,0.08156518997508758
Belgium,GrandTotal,2021,0.08394769781813526
Belgium,Heat,2020,0.0003815397612501165
Belgium,Heat,2021,0.0005204985203324091
Belgium,Hydropower,2020,0.00023789916313105738
Belgium,Hydropower,2021,0.0003494107155043619
Belgium,Liquid Biofuels,2020,0.013722063224252365
Belgium,Liquid Biofuels,2021,0.015118423068024328
Belgium,Other RE,2020,0.0025499019090520795
Belgium,Other RE,2021,0.0036840404254209593
Belgium,Pellets,2020,0.0066178999343567205
Belgium,Pellets,2021,0.006595111947994055
Belgium,RenWaste,2020,0.0027660021193608676
Belgium,RenWaste,2021,0.002884858944071934
Belgium,Solar PV,2020,0.004556718253839403
Belgium,Solar PV,2021,0.004695107248900951
Belgium,Solar Thermal,2020,0.00052287873632976
Belgium,Solar Thermal,2021,0.0005042210304026399
Belgium,Solid Biofuels,2020,0.017975564306503558
Belgium,Solid Biofuels,2021,0.020955138137561852
Belgium,Wind,2020,0.01142575576051573
Belgium,Wind,2021,0.010026524755804353
Bulgaria,Biogas,2020,0.0004190426918171198
Bulgaria,Biogas,2021,0.0004826333442769549
Bulgaria,Charcoal,2020,6.5269562818992e-05
Bulgaria,Charcoal,2021,7.518422762456479e-05
Bulgaria,Electricity,2020,0.004194075390041419
Bulgaria,Electricity,2021,0.005064420352754828
Bulgaria,Geothermal,2020,0.0006921407037479999
Bulgaria,Geothermal,2021,0.0006998315675410848
Bulgaria,GrandTotal,2020,0.04277437862636703
Bulgaria,GrandTotal,2021,0.045250540318845976
Bulgaria,Heat,2020,0.0008186079860027037
Bulgaria,Heat,2021,0.0011297249464115586
Bulgaria,Hydropower,2020,0.0021010707309258242
Bulgaria,Hydropower,2021,0.0034536862444279207
Bulgaria,Liquid Biofuels,2020,0.0033351031295282578
Bulgaria,Liquid Biofuels,2021,0.003247113527267071
Bulgaria,Other RE,2020,0.0021631846105384413
Bulgaria,Other RE,2021,0.002537073926029037
Bulgaria,Pellets,2020,0.0007099262398486566
Bulgaria,Pellets,2021,0.0011053811369816397
Bulgaria,RenWaste,2020,0.0008069385794024633
Bulgaria,RenWaste,2021,0.0008234289154452912
Bulgaria,Solar PV,2020,0.0010941309006374255
Bulgaria,Solar PV,2021,0.0010510383640972135
Bulgaria,Solar Thermal,2020,0.0005312052584414039
Bulgaria,Solar Thermal,2021,0.0005655497894287871
Bulgaria,Solid Biofuels,2020,0.02474328611961737
Bulgaria,Solid Biofuels,2021,0.023988111597078032
Bulgaria,Wind,2020,0.0011003967204881056
Bulgaria,Wind,2021,0.0010273623775699254
Croatia,Biogas,2020,0.0006759511167933344
Croatia,Biogas,2021,0.0007625148236015787
Croatia,Charcoal,2020,0.00012492391233885917
Croatia,Charcoal,2021,0.0001289036056428176
Croatia,Electricity,2020,0.008923098804148513
Croatia,Electricity,2021,0.010276152060302557
Croatia,Geothermal,2020,0.0003723759343940722
Croatia,Geothermal,2021,0.0003026295057485556
Croatia,GrandTotal,2020,0.04247850710628669
Croatia,GrandTotal,2021,0.047985583611550496
Croatia,Heat,2020,0.0006873969143688054
Croatia,Heat,2021,0.0008047113055874203
Croatia,Hydropower,2020,0.005585774875955187
Croatia,Hydropower,2021,0.006824369375328134
Croatia,Liquid Biofuels,2020,0.0012706912640643258
Croatia,Liquid Biofuels,2021,0.0017676497326736215
Croatia,Other RE,2020,0.00028343046075888
Croatia,Other RE,2021,0.00030931050446423994
Croatia,Pellets,2020,-0.00034791445830758953
Croatia,Pellets,2021,-0.00042422647270414963
Croatia,Solar PV,2020,9.420766824596227e-05
Croatia,Solar PV,2021,0.00014256332336234513
Croatia,Solar Thermal,2020,0.0003168106244647199
Croatia,Solar Thermal,2021,0.00033083862668784
Croatia,Solid Biofuels,2020,0.022794344963090473
Croatia,Solid Biofuels,2021,0.02478611039862478
Croatia,Wind,2020,0.001697415023592255
Croatia,Wind,2021,0.001974056817400434
Cyprus,Biogas,2020,0.00017128261059690833
Cyprus,Biogas,2021,0.0001730408716917112
Cyprus,Charcoal,2020,0.0002107328469937336
Cyprus,Charcoal,2021,0.000195675198666844
Cyprus,Electricity,2020,0.0004487868946970502
Cyprus,Electricity,2021,0.0005863821544454055
Cyprus,GrandTotal,2020,0.0053087571856342795
Cyprus,GrandTotal,2021,0.005685878618912984
Cyprus,Heat,2020,8.592035619068398e-06
Cyprus,Heat,2021,8.6070821561064e-06
Cyprus,Liquid Biofuels,2020,0.0004926520953018995
Cyprus,Liquid Biofuels,2021,0.0004856840054187376
Cyprus,Other RE,2020,0.0009376330575044519
Cyprus,Other RE,2021,0.000964653397232107
Cyprus,RenWaste,2020,0.0007042814072561842
Cyprus,RenWaste,2021,0.0007807124912499648
Cyprus,Solar PV,2020,0.0002531562159755415
Cyprus,Solar PV,2021,0.0004025447380150637
Cyprus,Solar Thermal,2020,0.0014415698240996663
Cyprus,Solar Thermal,2021,0.001466594298560527
Cyprus,Solid Biofuels,2020,0.000434186798757269
Cyprus,Solid Biofuels,2021,0.0004101322101847665
Cyprus,Wind,2020,0.0002058833981843479
Cyprus,Wind,2021,0.00021185217073603187
Denmark,Biogas,2020,0.008479626744622064
Denmark,Biogas,2021,0.010875667195161089
Denmark,Electricity,2020,0.02222985297892124
Denmark,Electricity,2021,0.022184490798727658
Denmark,Geothermal,2020,8.736863535052681e-06
Denmark,Geothermal,2021,1.0543835023410052e-05
Denmark,GrandTotal,2020,0.12109103849732722
Denmark,GrandTotal,2021,0.13120563421810563
Denmark,Heat,2020,0.015668722254822406
Denmark,Heat,2021,0.01759060212799897
Denmark,Hydropower,2020,1.7346816977839857e-05
Denmark,Hydropower,2021,1.6430546561516278e-05
Denmark,Liquid Biofuels,2020,0.004859579587449937
Denmark,Liquid Biofuels,2021,0.0050925917150652904
Denmark,Other RE,2020,0.006503865360211232
Denmark,Other RE,2021,0.007964015731518925
Denmark,Pellets,2020,0.0157423301460191
Denmark,Pellets,2021,0.020497735086754874
Denmark,RenWaste,2020,0.007003508239663718
Denmark,RenWaste,2021,0.006918843205718442
Denmark,Solar PV,2020,0.0012000980156896864
Denmark,Solar PV,2021,0.0013198980533006201
Denmark,Solar Thermal,2020,0.001092213908546167
Denmark,Solar Thermal,2021,0.0009906631164690407
Denmark,Solid Biofuels,2020,0.02168748619153332
Denmark,Solid Biofuels,2021,0.021555146563700302
Denmark,Wind,2020,0.016600869283560707
Denmark,Wind,2021,0.01618900623395445
Estonia,Biogas,2020,0.00028824734711826034
Estonia,Biogas,2021,0.00031808691195374763
Estonia,Electricity,2020,0.0034189769541322365
Estonia,Electricity,2021,0.00291672943045656
Estonia,GrandTotal,2020,0.023791182310066692
Estonia,GrandTotal,2021,0.023107258015418547
Estonia,Heat,2020,0.0029458305508829425
Estonia,Heat,2021,0.003036145198657683
Estonia,Hydropower,2020,3.03358150431422e-05
Estonia,Hydropower,2021,2.2146205453862393e-05
Estonia,Liquid Biofuels,2020,0.0007545509615594016
Estonia,Liquid Biofuels,2021,0.0008851840701825767
Estonia,Pellets,2020,-0.0019753397717237526
Estonia,Pellets,2021,-0.0021250345557004445
Estonia,RenWaste,2020,0.0002906705036120644
Estonia,RenWaste,2021,0.00023884444473686305
Estonia,Solar PV,2020,0.000247875967048128
Estonia,Solar PV,2021,0.0003405412384092461
Estonia,Solid Biofuels,2020,0.016936586385062468
Estonia,Solid Biofuels,2021,0.01676882513255044
Estonia,Wind,2020,0.0008534475965100296
Estonia,Wind,2021,0.0007057899389541303
Finland,Biogas,2020,0.002494440280982235
Finland,Biogas,2021,0.0029184668572627714
Finland,Electricity,2020,0.03541442603904459
Finland,Electricity,2021,0.03882438732958358
Finland,GrandTotal,2020,0.2342361290827054
Finland,GrandTotal,2021,0.26721395287021066
Finland,Heat,2020,0.016602106790222382
Finland,Heat,2021,0.020974806120071184
Finland,Hydropower,2020,0.015597398311551153
Finland,Hydropower,2021,0.015776685281960107
Finland,Liquid Biofuels,2020,0.007942468906813991
Finland,Liquid Biofuels,2021,0.014148820929279897
Finland,Other RE,2020,0.011914662090639192
Finland,Other RE,2021,0.015284164112904241
Finland,Pellets,2020,0.0014164330915926982
Finland,Pellets,2021,0.0018326954940723278
Finland,RenWaste,2020,0.003732007888801658
Finland,RenWaste,2021,0.004011271909672991
Finland,Solar PV,2020,0.0002145379367170312
Finland,Solar PV,2021,0.00029724586837682343
Finland,Solar Thermal,2020,4.6297037039999995e-05
Finland,Solar Thermal,2021,5.092674074399999e-05
Finland,Solid Biofuels,2020,0.13075429899661148
Finland,Solid Biofuels,2021,0.1445955291141297
Finland,Wind,2020,0.008107051715900544
Finland,Wind,2021,0.008498953120507035
France,Biogas,2020,0.012122503860897858
France,Biogas,2021,0.01647487281247161
France,Electricity,2020,0.07773208861423415
France,Electricity,2021,0.07678889649599877
France,Geothermal,2020,0.0036791971803450917
France,Geothermal,2021,0.0037363225090461735
France,GrandTotal,2020,0.4912504539377124
France,GrandTotal,2021,0.537197678475305
France,Heat,2020,0.014615559634141894
France,Heat,2021,0.017488680273329824
France,Hydropower,2020,0.04948170608051295
France,Hydropower,2021,0.0474043742633558
France,Liquid Biofuels,2020,0.056845021932369656
France,Liquid Biofuels,2021,0.0615591480752529
France,Other RE,2020,0.05477628216802244
France,Other RE,2021,0.07152028827770167
France,Pellets,2020,0.01061521866658402
France,Pellets,2021,0.010546828295615105
France,RenWaste,2020,0.009457861976985001
France,RenWaste,2021,0.010494516100211812
France,Solar PV,2020,0.01055785387270895
France,Solar PV,2021,0.012407279281061633
France,Solar Thermal,2020,0.003771087805816654
France,Solar Thermal,2021,0.003913773730739366
France,Solid Biofuels,2020,0.15632589519001863
France,Solid Biofuels,2021,0.1758159016878003
France,Wind,2020,0.03127017689090052
France,Wind,2021,0.029046796733911556
Germany,Biogas,2020,0.07007350987952508
Germany,Biogas,2021,0.07415628207331235
Germany,Charcoal,2020,0.0023778158223743996
Germany,Charcoal,2021,0.002111144889024
Germany,Electricity,2020,0.17330669244435346
Germany,Electricity,2021,0.15967400448998248
Germany,Geothermal,2020,0.0030653626800908806
Germany,Geothermal,2021,0.003357107163370982
Germany,GrandTotal,2020,0.7724644718454087
Germany,GrandTotal,2021,0.7717874839962813
Germany,Heat,2020,0.01637967844709609
Germany,Heat,2021,0.016173867909876887
Germany,Hydropower,2020,0.015364114292014596
Germany,Hydropower,2021,0.016164662548163854
Germany,Liquid Biofuels,2020,0.06950252213705614
Germany,Liquid Biofuels,2021,0.060701675983023784
Germany,Other RE,2020,0.02674610686775987
Germany,Other RE,2021,0.029841526764254268
Germany,Pellets,2020,0.012622763461128252
Germany,Pellets,2021,0.017626960629058254
Germany,RenWaste,2020,0.02981967092845398
Germany,RenWaste,2021,0.030247962879808403
Germany,Solar PV,2020,0.04062081091282981
Germany,Solar PV,2021,0.040572003773900266
Germany,Solar Thermal,2020,0.014834352606406961
Germany,Solar Thermal,2021,0.014072845695616207
Germany,Solid Biofuels,2020,0.18933760208032713
Germany,Solid Biofuels,2021,0.21281367863965736
Germany,Wind,2020,0.10841462668111272
Germany,Wind,2021,0.094273581599946
Greece,Biogas,2020,0.001274861037500965
Greece,Biogas,2021,0.00123195358586652
Greece,Charcoal,2020,0.0007835997288032359
Greece,Charcoal,2021,0.0007668460656861144
Greece,Electricity,2020,0.015305463125104097
Greece,Electricity,2021,0.01701631350124429
Greece,Geothermal,2020,0.00010879803704399999
Greece,Geothermal,2021,8.379763704239999e-05
Greece,GrandTotal,2020,0.0654112398025412
Greece,GrandTotal,2021,0.072207800724829
Greece,Hydropower,2020,0.0030166390603988636
Greece,Hydropower,2021,0.005047109154011997
Greece,Liquid Biofuels,2020,0.004489606563137074
Greece,Liquid Biofuels,2021,0.004798989389194479
Greece,Other RE,2020,0.007495953267146399
Greece,Other RE,2021,0.008521329858160169
Greece,Pellets,2020,0.0006181040292448672
Greece,Pellets,2021,0.0006255331585570407
Greece,Solar PV,2020,0.00401190466346977
Greece,Solar PV,2021,0.00448927107130237
Greece,Solar Thermal,2020,0.00568152608851176
Greece,Solar Thermal,2021,0.005890973884080719
Greece,Solid Biofuels,2020,0.014225306809296545
Greece,Solid Biofuels,2021,0.014773363770175223
Greece,Wind,2020,0.008399477396198497
Greece,Wind,2021,0.00896231965619622
Hungary,Biogas,2020,0.0007629353623440068
Hungary,Biogas,2021,0.0007366737941037719
Hungary,Electricity,2020,0.005795851988571494
Hungary,Electricity,2021,0.007426401906091835
Hungary,Geothermal,2020,0.0020796420309704307
Hungary,Geothermal,2021,0.002233382448962755
Hungary,GrandTotal,2020,0.05331990625429979
Hungary,GrandTotal,2021,0.0592632786340527
Hungary,Heat,2020,0.001428645550769793
Hungary,Heat,2021,0.001542604837141248
Hungary,Hydropower,2020,0.00024201842332855313
Hungary,Hydropower,2021,0.00021317178242055313
Hungary,Liquid Biofuels,2020,0.005413257907383479
Hungary,Liquid Biofuels,2021,0.00552402356850168
Hungary,Other RE,2020,0.00035833906668959997
Hungary,Other RE,2021,0.0005143600815144
Hungary,Pellets,2020,0.0005575706494184
Hungary,Pellets,2021,0.0005078784963287999
Hungary,RenWaste,2020,0.0006008718133398201
Hungary,RenWaste,2021,0.0007730307033736978
Hungary,Solar PV,2020,0.0024390299314180205
Hungary,Solar PV,2021,0.0038169815385643564
Hungary,Solar Thermal,2020,0.00029028242224079994
Hungary,Solar Thermal,2021,0.00030093074076
Hungary,Solid Biofuels,2020,0.032690707792193185
Hungary,Solid Biofuels,2021,0.03500616863202329
Hungary,Wind,2020,0.0006496806037155394
Hungary,Wind,2021,0.0006676701109886462
Iceland,Biogas,2020,3.5885605026987995e-05
Iceland,Electricity,2020,0.014893022237016423
Iceland,Electricity,2021,0.015290634941089027
Iceland,Geothermal,2020,0.025375782519993898
Iceland,Geothermal,2021,0.025367562684774407
Iceland,GrandTotal,2020,0.05964020988825772
Iceland,GrandTotal,2021,0.06086247810113544
Iceland,Heat,2020,0.007434473455857765
Iceland,Heat,2021,0.007561209695804629
Iceland,Hydropower,2020,0.011498725054553634
Iceland,Hydropower,2021,0.01207268508039644
Iceland,Liquid Biofuels,2020,0.00039176440087124534
Iceland,Liquid Biofuels,2021,0.0005603227999337613
Iceland,Solar PV,2020,4.736013048447618e-06
Iceland,Solar PV,2021,4.739342595546893e-06
Iceland,Wind,2020,5.820602861552932e-06
Iceland,Wind,2021,5.323561243859023e-06
Ireland,Biogas,2020,0.0004542547906591876
Ireland,Biogas,2021,0.00047083717235528374
Ireland,Electricity,2020,0.009941264373506458
Ireland,Electricity,2021,0.009134441614627625
Ireland,GrandTotal,2020,0.03122476875441763
Ireland,GrandTotal,2021,0.02945708167371589
Ireland,Hydropower,2020,0.0007908174958293323
Ireland,Hydropower,2021,0.0006519858000118178
Ireland,Liquid Biofuels,2020,0.0033963719900728926
Ireland,Liquid Biofuels,2021,0.003411553461553768
Ireland,Other RE,2020,0.001147256781814164
Ireland,Other RE,2021,0.0011788808989050767
Ireland,RenWaste,2020,0.0013548722830976315
Ireland,RenWaste,2021,0.001426949307921128
Ireland,Solar PV,2020,5.239132522645324e-05
Ireland,Solar PV,2021,8.089982904222589e-05
Ireland,Solar Thermal,2020,0.00027268538143226636
Ireland,Solar Thermal,2021,0.0002716436980988664
Ireland,Solid Biofuels,2020,0.00402186185121959
Ireland,Solid Biofuels,2021,0.004324086390317461
Ireland,Wind,2020,0.009792992482295777
Ireland,Wind,2021,0.008505803500173522
Italy,Biogas,2020,0.015655330317773115
Italy,Biogas,2021,0.016717975518580577
Italy,Charcoal,2020,0.0012338209754666175
Italy,Charcoal,2021,0.0010563760067515576
Italy,Electricity,2020,0.09931755729109171
Italy,Electricity,2021,0.10279506988402058
Italy,Geothermal,2020,0.02310703755371991
Italy,Geothermal,2021,0.022778663725627327
Italy,GrandTotal,2020,0.4548769981373029
Italy,GrandTotal,2021,0.47169824856108317
Italy,Heat,2020,0.006781085350577544
Italy,Heat,2021,0.004892489860132981
Italy,Hydropower,2020,0.04279448669431139
Italy,Hydropower,2021,0.04159948229669269
Italy,Liquid Biofuels,2020,0.030794118995670534
Italy,Liquid Biofuels,2021,0.0328820085259003
Italy,Other RE,2020,0.04798151954695225
Italy,Other RE,2021,0.04842979570076612
Italy,Pellets,2020,0.01753160766262663
Italy,Pellets,2021,0.01834172864828803
Italy,RenWaste,2020,0.010604212105172508
Italy,RenWaste,2021,0.011311948282596329
Italy,Solar PV,2020,0.022446147802265094
Italy,Solar PV,2021,0.022948811753742426
Italy,Solar Thermal,2020,0.00458755438010394
Italy,Solar Thermal,2021,0.004789878029118402
Italy,Solid Biofuels,2020,0.11515755428484649
Italy,Solid Biofuels,2021,0.12397036557328167
Italy,Wind,2020,0.01688449427212335
Italy,Wind,2021,0.019180355798676853
Latvia,Biogas,2020,0.0008017912389842764
Latvia,Biogas,2021,0.0007071198124154923
Latvia,Charcoal,2020,2.2493415445884e-05
Latvia,Charcoal,2021,2.2044334186595993e-05
Latvia,Electricity,2020,0.0037536166061018007
Latvia,Electricity,2021,0.0038844967715451215
Latvia,GrandTotal,2020,0.0344291665887804
Latvia,GrandTotal,2021,0.03642342292142629
Latvia,Heat,2020,0.0029610240778306235
Latvia,Heat,2021,0.003529470221563486
Latvia,Hydropower,2020,0.0025719436752963546
Latvia,Hydropower,2021,0.00269523670351669
Latvia,Liquid Biofuels,2020,0.0009536067698709064
Latvia,Liquid Biofuels,2021,0.0009591809331305222
Latvia,Other RE,2020,1.9676240741999997e-05
Latvia,Other RE,2021,2.0917464305042398e-05
Latvia,Pellets,2020,-0.0002016806044656871
Latvia,Pellets,2021,-0.00045735541278012047
Latvia,RenWaste,2020,0.0007336983131062151
Latvia,RenWaste,2021,0.0008006220690586464
Latvia,Solar PV,2020,4.789093295869534e-06
Latvia,Solar PV,2021,6.765474161411082e-06
Latvia,Solar Thermal,2020,8.427058318969446e-06
Latvia,Solar Thermal,2021,7.669648049315984e-06
Latvia,Solid Biofuels,2020,0.022625051416771912
Latvia,Solid Biofuels,2021,0.024106474910158437
Latvia,Wind,2020,0.00017472928339733236
Latvia,Wind,2021,0.00014077999169666484
Lithuania,Biogas,2020,0.0004587382480572254
Lithuania,Biogas,2021,0.0005188691547574715
Lithuania,Charcoal,2020,4.871991531175999e-05
Lithuania,Charcoal,2021,7.367401827631999e-05
Lithuania,Electricity,2020,0.005053037343566753
Lithuania,Electricity,2021,0.0060953231720101845
Lithuania,GrandTotal,2020,0.034514353663048745
Lithuania,GrandTotal,2021,0.03919326694713856
Lithuania,Heat,2020,0.00419188647406085
Lithuania,Heat,2021,0.0048674686514867185
Lithuania,Hydropower,2020,0.0004201284613265692
Lithuania,Hydropower,2021,0.0006043804073161562
Lithuania,Liquid Biofuels,2020,0.0019940133853127997
Lithuania,Liquid Biofuels,2021,0.00245781710237952
Lithuania,Other RE,2020,0.0005842686074447998
Lithuania,Other RE,2021,0.0012287233630416
Lithuania,Pellets,2020,0.0033553794807780063
Lithuania,Pellets,2021,0.0036435769673961163
Lithuania,RenWaste,2020,0.0006941189929311112
Lithuania,RenWaste,2021,0.001107159521438536
Lithuania,Solar PV,2020,0.00018001512250678028
Lithuania,Solar PV,2021,0.0003005363088318809
Lithuania,Solid Biofuels,2020,0.01536534059982973
Lithuania,Solid Biofuels,2021,0.01615087301804328
Lithuania,Wind,2020,0.0021687070306862267
Lithuania,Wind,2021,0.0021448652618768246
Luxembourg,Biogas,2020,0.0003022707305946418
Luxembourg,Biogas,2021,0.0002713853061097059
Luxembourg,Electricity,2020,0.002891733654626168
Luxembourg,Electricity,2021,0.0030967293849860876
Luxembourg,GrandTotal,2020,0.01043563099056908
Luxembourg,GrandTotal,2021,0.010853820414714018
Luxembourg,Heat,2020,0.0008633438169406347
Luxembourg,Heat,2021,0.000923746669887802
Luxembourg,Hydropower,2020,0.00017579968868719172
Luxembourg,Hydropower,2021,0.00021457093942099404
Luxembourg,Liquid Biofuels,2020,0.0027617719766330996
Luxembourg,Liquid Biofuels,2021,0.0026805484185841114
Luxembourg,Other RE,2020,9.1186644153984e-05
Luxembourg,Other RE,2021,0.0001082947882513752
Luxembourg,Pellets,2020,0.0002367150712074189
Luxembourg,Pellets,2021,0.0003218170306619369
Luxembourg,RenWaste,2020,0.00027153765744853265
Luxembourg,RenWaste,2021,0.00022762836694766695
Luxembourg,Solar PV,2020,0.00030948705914093277
Luxembourg,Solar PV,2021,0.0003619734527711782
Luxembourg,Solar Thermal,2020,4.975439696920925e-05
Luxembourg,Solar Thermal,2021,5.235839245972048e-05
Luxembourg,Solid Biofuels,2020,0.0018081430030890376
Luxembourg,Solid Biofuels,2021,0.0019633918964551043
Luxembourg,Wind,2020,0.0006738872916351822
Luxembourg,Wind,2021,0.0006314125350410591
Malta,Biogas,2020,2.1383043735705377e-05
Malta,Biogas,2021,1.7290445060467903e-05
Malta,Charcoal,2020,4.705630844745599e-06
Malta,Charcoal,2021,4.705630844745599e-06
Malta,Electricity,2020,0.00023617796978480973
Malta,Electricity,2021,0.0002723607714454362
Malta,GrandTotal,2020,0.0011814296960973023
Malta,GrandTotal,2021,0.0012111560404801575
Malta,Liquid Biofuels,2020,0.00028220312630694957
Malta,Liquid Biofuels,2021,0.00021405635695937835
Malta,Other RE,2020,0.0002807262508253736
Malta,Other RE,2021,0.00031548189950167193
Malta,Pellets,2020,9.642987619283806e-06
Malta,Pellets,2021,9.642987619283806e-06
Malta,Solar PV,2020,0.00022916308414250793
Malta,Solar PV,2021,0.000256448952979689
Malta,Solar Thermal,2020,9.915019749523438e-05
Malta,Solar Thermal,2021,0.0001009085589620136
Malta,Solid Biofuels,2020,1.822129153716614e-05
Malta,Solid Biofuels,2021,2.0202323233292926e-05
Malta,Wind,2020,5.611383176115172e-08
Malta,Wind,2021,5.811397425687479e-08
Netherlands,Biogas,2020,0.006665944999503724
Netherlands,Biogas,2021,0.00697649681061104
Netherlands,Charcoal,2020,0.0001250015370376296
Netherlands,Charcoal,2021,0.00012500200000799998
Netherlands,Electricity,2020,0.023335337386612292
Netherlands,Electricity,2021,0.029618853859809873
Netherlands,Geothermal,2020,0.0028636009096573416
Netherlands,Geothermal,2021,0.002929302886802287
Netherlands,GrandTotal,2020,0.1058637517611223
Netherlands,GrandTotal,2021,0.12539416777304102
Netherlands,Heat,2020,0.0036703654998098065
Netherlands,Heat,2021,0.004444599637509364
Netherlands,Hydropower,2020,4.114526578548856e-05
Netherlands,Hydropower,2021,8.118864316936932e-05
Netherlands,Liquid Biofuels,2020,0.012668882558099023
Netherlands,Liquid Biofuels,2021,0.013991761424678503
Netherlands,Other RE,2020,0.006229283926606075
Netherlands,Other RE,2021,0.007500454728057798
Netherlands,Pellets,2020,0.007095284845571793
Netherlands,Pellets,2021,0.010651946256795573
Netherlands,RenWaste,2020,0.006759994828681081
Netherlands,RenWaste,2021,0.007413209980383894
Netherlands,Solar PV,2020,0.007653049805352206
Netherlands,Solar PV,2021,0.010588488305755232
Netherlands,Solar Thermal,2020,0.0005444531555904
Netherlands,Solar Thermal,2021,0.0005388975111456
Netherlands,Solid Biofuels,2020,0.014565635823379686
Netherlands,Solid Biofuels,2021,0.013949669923228734
Netherlands,Wind,2020,0.013645771218608426
Netherlands,Wind,2021,0.016584295808511746
Norway,Biogas,2020,0.0009786990137987818
Norway,Biogas,2021,0.001014345242266701
Norway,Charcoal,2020,0.0005334292755067316
Norway,Charcoal,2021,0.0005400748447975272
Norway,Electricity,2020,0.08938644806616135
Norway,Electricity,2021,0.0939867143490911
Norway,GrandTotal,2020,0.25375178645015656
Norway,GrandTotal,2021,0.2666296610714249
Norway,Heat,2020,0.002239443741673756
Norway,Heat,2021,0.002828044865527493
Norway,Hydropower,2020,0.10935570937714408
Norway,Hydropower,2021,0.11182912983102608
Norway,Liquid Biofuels,2020,0.007627026341286176
Norway,Liquid Biofuels,2021,0.0077179962084019385
Norway,Other RE,2020,0.016583670111618
Norway,Other RE,2021,0.01735410352166081
Norway,Pellets,2020,0.000865369941431926
Norway,Pellets,2021,0.0015911053184907175
Norway,RenWaste,2020,0.0022166407062886727
Norway,RenWaste,2021,0.0022502944398731218
Norway,Solar PV,2020,0.00010468638062557067
Norway,Solar PV,2021,0.00013559869438332237
Norway,Solar Thermal,2020,2.6852281483199996e-05
Norway,Solar Thermal,2021,2.6852281483199996e-05
Norway,Solid Biofuels,2020,0.016189560031035773
Norway,Solid Biofuels,2021,0.018211337888633442
Norway,Wind,2020,0.007644251181551223
Norway,Wind,2021,0.009144063579496197
Poland,Biogas,2020,0.0034063869691069305
Poland,Biogas,2021,0.003323545228855609
Poland,Electricity,2020,0.021117345097957742
Poland,Electricity,2021,0.02043737602948142
Poland,Geothermal,2020,0.0004969898961873624
Poland,Geothermal,2021,0.00055057593873894
Poland,GrandTotal,2020,0.2331633323570847
Poland,GrandTotal,2021,0.23343379655455565
Poland,Heat,2020,0.004027558762445465
Poland,Heat,2021,0.004414439403389681
Poland,Hydropower,2020,0.0017742438838577867
Poland,Hydropower,2021,0.0018696127217779199
Poland,Liquid Biofuels,2020,0.020193460728825885
Poland,Liquid Biofuels,2021,0.021748464687642594
Poland,Other RE,2020,0.0057776550927129255
Poland,Other RE,2021,0.007172989166147838
Poland,Pellets,2020,0.004697704273477536
Poland,Pellets,2021,0.005847285222107553
Poland,RenWaste,2020,0.017527058619387564
Poland,RenWaste,2021,0.012408058456722737
Poland,Solar PV,2020,0.0016398809482741456
Poland,Solar PV,2021,0.003144643741165229
Poland,Solar Thermal,2020,0.0015534813368846062
Poland,Solar Thermal,2021,0.0016511328992908558
Poland,Solid Biofuels,2020,0.1377180065071872
Poland,Solid Biofuels,2021,0.1378908613631095
Poland,Wind,2020,0.013233560242139106
Poland,Wind,2021,0.012974811704064029
Portugal,Biogas,2020,0.0005272019038020786
Portugal,Biogas,2021,0.0005573440040868712
Portugal,Charcoal,2020,0.0003735363777448936
Portugal,Charcoal,2021,0.00046317592924445756
Portugal,Electricity,2020,0.022087830385458928
Portugal,Electricity,2021,0.025215435828358793
Portugal,Geothermal,2020,0.0007865623142750222
Portugal,Geothermal,2021,0.0006577669062275429
Portugal,GrandTotal,2020,0.10648372658445614
Portugal,GrandTotal,2021,0.1140750698823718
Portugal,Hydropower,2020,0.010138228897987453
Portugal,Hydropower,2021,0.010367135401496941
Portugal,Liquid Biofuels,2020,0.0049342803364268994
Portugal,Liquid Biofuels,2021,0.006832599757583658
Portugal,Other RE,2020,0.013928463593483998
Portugal,Other RE,2021,0.01463045445483263
Portugal,Pellets,2020,6.584241149063376e-05
Portugal,Pellets,2021,-0.00017293378542588254
Portugal,RenWaste,2020,0.0008711301369890106
Portugal,RenWaste,2021,0.0009544217421695658
Portugal,Solar PV,2020,0.0014398130466088477
Portugal,Solar PV,2021,0.0019477554777568888
Portugal,Solar Thermal,2020,0.0019520624826249299
Portugal,Solar Thermal,2021,0.0020445868796641845
Portugal,Solid Biofuels,2020,0.03905982000671946
Portugal,Solid Biofuels,2021,0.03906865629161684
Portugal,Wind,2020,0.010319538568969106
Portugal,Wind,2021,0.01150598908281373
Romania,Biogas,2020,0.00018980643232943776
Romania,Biogas,2021,0.00019052597533890137
Romania,Charcoal,2020,0.00040705743876679194
Romania,Charcoal,2021,0.000506619216921312
Romania,Electricity,2020,0.016480688492461187
Romania,Electricity,2021,0.017269190876770785
Romania,Geothermal,2020,0.00021160901505546423
Romania,Geothermal,2021,0.0002799377824075611
Romania,GrandTotal,2020,0.11239097338947378
Romania,GrandTotal,2021,0.11880192354986521
Romania,Heat,2020,0.0006292168518117836
Romania,Heat,2021,0.0006371231225829744
Romania,Hydropower,2020,0.012185170832307367
Romania,Hydropower,2021,0.013670489626443884
Romania,Liquid Biofuels,2020,0.009367196169636527
Romania,Liquid Biofuels,2021,0.009609698352094022
Romania,Pellets,2020,0.0047280872225618515
Romania,Pellets,2021,0.004711628934541045
Romania,RenWaste,2020,3.9447236086475195e-05
Romania,RenWaste,2021,4.0600186632227994e-05
Romania,Solar PV,2020,0.0013731965935670312
Romania,Solar PV,2021,0.0013373367452793065
Romania,Solar Thermal,2020,1.5016443963924e-05
Romania,Solar Thermal,2021,2.2802679653311197e-05
Romania,Solid Biofuels,2020,0.06125871590446761
Romania,Solid Biofuels,2021,0.06536336423059905
Romania,Wind,2020,0.0055022627866913735
Romania,Wind,2021,0.005162605827553882
Slovakia,Biogas,2020,0.001223167368290269
Slovakia,Biogas,2021,0.0012371551014663143
Slovakia,Charcoal,2020,1.3375214000855996e-05
Slovakia,Charcoal,2021,1.3375214000855996e-05
Slovakia,Electricity,2020,0.004739622862192371
Slovakia,Electricity,2021,0.004856372288368336
Slovakia,Geothermal,2020,7.656061389030794e-05
Slovakia,Geothermal,2021,6.127562593837368e-05
Slovakia,GrandTotal,2020,0.036243865958184386
Slovakia,GrandTotal,2021,0.03998400749730576
Slovakia,Heat,2020,0.0011016577774988034
Slovakia,Heat,2021,0.0012922373564212006
Slovakia,Hydropower,2020,0.0036754906003537953
Slovakia,Hydropower,2021,0.0035248956476535893
Slovakia,Liquid Biofuels,2020,0.0030093314820592606
Slovakia,Liquid Biofuels,2021,0.003130317677074411
Slovakia,Other RE,2020,0.0010018127970498295
Slovakia,Other RE,2021,0.0013393628352796909
Slovakia,RenWaste,2020,0.0003328122767851527
Slovakia,RenWaste,2021,0.000503441274291661
Slovakia,Solar PV,2020,0.0005394842302552153
Slovakia,Solar PV,2021,0.0005554732221871274
Slovakia,Solar Thermal,2020,0.00015532460650655183
Slovakia,Solar Thermal,2021,0.00016667187379791837
Slovakia,Solid Biofuels,2020,0.02037197132108655
Slovakia,Solid Biofuels,2021,0.02329954800141184
Slovakia,Wind,2020,3.2548068201113657e-06
Slovakia,Wind,2021,4.1391447255209e-06
Slovenia,Biogas,2020,0.00022882349037573951
Slovenia,Biogas,2021,0.00021116869770182914
Slovenia,Electricity,2020,0.00332418606194755
Slovenia,Electricity,2021,0.003823262655173671
Slovenia,Geothermal,2020,0.00021003547733518133
Slovenia,Geothermal,2021,0.0002168121861794316
Slovenia,GrandTotal,2020,0.021059899755185955
Slovenia,GrandTotal,2021,0.023240553491075816
Slovenia,Heat,2020,0.0003391946229284718
Slovenia,Heat,2021,0.0003628890830846677
Slovenia,Hydropower,2020,0.0038164753298478306
Slovenia,Hydropower,2021,0.0038920019734448126
Slovenia,Liquid Biofuels,2020,0.001820260505646536
Slovenia,Liquid Biofuels,2021,0.002012865369050488
Slovenia,Other RE,2020,0.0009353802436820856
Slovenia,Other RE,2021,0.0011306995724575486
Slovenia,Solar PV,2020,0.00028479810750207637
Slovenia,Solar PV,2021,0.0003742201747966262
Slovenia,Solar Thermal,2020,0.0001989332754868056
Slovenia,Solar Thermal,2021,0.0001970846347977984
Slovenia,Solid Biofuels,2020,0.009896977519277145
Slovenia,Solid Biofuels,2021,0.011014929958832399
Slovenia,Wind,2020,4.835123060114702e-06
Slovenia,Wind,2021,4.61918646628177e-06
Spain,Biogas,2020,0.0036104184908483396
Spain,Biogas,2021,0.0033668493922463165
Spain,Charcoal,2020,0.00016703276508476397
Spain,Charcoal,2021,0.00016703276508476397
Spain,Electricity,2020,0.07947466753343391
Spain,Electricity,2021,0.08716149225967218
Spain,Geothermal,2020,3.7357079187576005e-06
Spain,Geothermal,2021,3.7357079187576005e-06
Spain,GrandTotal,2020,0.3073070234861666
Spain,GrandTotal,2021,0.32857466774025557
Spain,Hydropower,2020,0.02498562848439436
Spain,Hydropower,2021,0.024204241473092945
Spain,Liquid Biofuels,2020,0.02721865502109546
Spain,Liquid Biofuels,2021,0.027228872611483892
Spain,Other RE,2020,0.01861371401955422
Spain,Other RE,2021,0.020788767338508235
Spain,Pellets,2020,0.0037593194076479997
Spain,Pellets,2021,0.0038499844385179996
Spain,RenWaste,2020,0.0012181007594400065
Spain,RenWaste,2021,0.0014871592931829125
Spain,Solar PV,2020,0.012826676049971387
Spain,Solar PV,2021,0.01789864670515769
Spain,Solar Thermal,2020,0.015381373208586046
Spain,Solar Thermal,2021,0.015890544498747446
Spain,Solid Biofuels,2020,0.0738602122237516
Spain,Solid Biofuels,2021,0.07585643014125007
Spain,Wind,2020,0.04618748982430262
Spain,Wind,2021,0.050670920231167815
Sweden,Biogas,2020,0.0031928872451716292
Sweden,Biogas,2021,0.003417102771412648
Sweden,Electricity,2020,0.06565199304791025
Sweden,Electricity,2021,0.06722393174538686
Sweden,GrandTotal,2020,0.3939401786211574
Sweden,GrandTotal,2021,0.41250832430638007
Sweden,Heat,2020,0.027998849318821403
Sweden,Heat,2021,0.032994903144877706
Sweden,Hydropower,2020,0.0561064098059821
Sweden,Hydropower,2021,0.056983483592080705
Sweden,Liquid Biofuels,2020,0.03188730864457681
Sweden,Liquid Biofuels,2021,0.03623503170851942
Sweden,Other RE,2020,0.03345080562622062
Sweden,Other RE,2021,0.03346538468664328
Sweden,Pellets,2020,0.009127338344071567
Sweden,Pellets,2021,0.008109515841823001
Sweden,RenWaste,2020,0.010187297244259843
Sweden,RenWaste,2021,0.009982384813848447
Sweden,Solar PV,2020,0.0008145966472788444
Sweden,Solar PV,2021,0.0011769208360629662
Sweden,Solar Thermal,2020,0.00020185508149439998
Sweden,Solar Thermal,2021,0.00019676240741999998
Sweden,Solid Biofuels,2020,0.13398631116266088
Sweden,Solid Biofuels,2021,0.1417110867313523
Sweden,Wind,2020,0.021334526464067978
Sweden,Wind,2021,0.02101181602607157
Switzerland,Electricity,2020,0.0182676745966473
Switzerland,GrandTotal,2020,0.10376190683235421
Switzerland,GrandTotal,2021,0.10523412533247496
Switzerland,Heat,2020,0.002344020331336674
Switzerland,Heat,2021,0.0023509300827941485
